{
  "best_couple_id": "L4_S0",
  "long_params": {
    "sl_mult": 3.25,
    "tp1_mult": 5.0,
    "tp2_mult": 7.5,
    "tp3_mult": 10.0,
    "tenkan": 13,
    "kijun": 33,
    "tenkan_5": 15,
    "kijun_5": 30,
    "displacement": 52,
    "filter_preset": "baseline"
  },
  "short_params": {
    "sl_mult": 3.5,
    "tp1_mult": 4.5,
    "tp2_mult": 6.5,
    "tp3_mult": 9.5,
    "tenkan": 20,
    "kijun": 34,
    "tenkan_5": 8,
    "kijun_5": 17,
    "displacement": 52,
    "filter_preset": "baseline"
  },
  "metrics": {
    "total_return": 0.13578123161518296,
    "cagr": 0.06583502477156311,
    "sharpe_ratio": 1.5716333557696256,
    "sortino_ratio": 0.32404384648087275,
    "calmar_ratio": 1.0521154036385516,
    "max_drawdown": -0.06257395770833174,
    "max_drawdown_duration": 6362.0,
    "win_rate": 0.49624060150375937,
    "profit_factor": 1.3877043007256427,
    "expectancy": 10.209115159036331,
    "var_95": 0.0,
    "cvar_95": -1.9116546248442988e-05,
    "hour_block_avg_return": {
      "00-03": 2.1685210247494185e-05,
      "04-07": 2.0743484239222204e-06,
      "08-11": 4.430227767971052e-06,
      "12-15": -1.4265630292154833e-05,
      "16-19": 6.623674219352638e-06,
      "20-23": 2.370496715887747e-05
    },
    "weekday_avg_return": {
      "0": 1.963816270403561e-05,
      "1": 3.961746545429797e-06,
      "2": 1.7058069038132e-05,
      "3": 1.5729976319003726e-05,
      "4": 6.1103081579298275e-06,
      "5": 3.7136985172227474e-06,
      "6": -1.467875641242876e-05
    }
  },
  "train_end_ts": "2026-01-27T16:00:00+00:00"
}