{
  "pbo": 0.6149184149184149,
  "pass": false,
  "n_paths": 12870,
  "method": "CSCV",
  "omega_median": 0.3465346534653465,
  "lambda_median": -0.6343066805370119,
  "degradation": 1.237627522741906,
  "threshold": 0.5
}