total_pnl,pct_return_top_5,pct_return_top_10,total_return_pct
1465.1147749266752,7.144435830957288,14.266979028925633,14.651147749266752
