total_pnl,pct_return_top_5,pct_return_top_10,total_return_pct
1465.1147748605974,7.144435831279508,14.266979029569082,14.651147748605975
