total_pnl,pct_return_top_5,pct_return_top_10,total_return_pct
1118.4057724175545,8.825122899694385,17.63236635295246,11.184057724175545
