total_pnl,pct_return_top_5,pct_return_top_10,total_return_pct
1314.3998467287174,15.117543583134484,30.171287301285442,13.143998467287174
