total_pnl,pct_return_top_5,pct_return_top_10,total_return_pct
921.1334473451338,10.796661254313586,21.566904685752593,9.211334473451338
