total_pnl,pct_return_top_5,pct_return_top_10,total_return_pct
2848.8253685760474,6.349424331659069,12.68452206621812,28.488253685760473
