total_pnl,pct_return_top_5,pct_return_top_10,total_return_pct
1450.8987484009958,8.218426454626353,16.416562291843746,14.508987484009959
