total_pnl,pct_return_top_5,pct_return_top_10,total_return_pct
1555.1416551867137,7.6667812720077295,15.310772136586573,15.551416551867137
