total_pnl,pct_return_top_5,pct_return_top_10,total_return_pct
1555.1416804013425,7.666781147700699,15.310771888342028,15.551416804013424
