total_pnl,pct_return_top_5,pct_return_top_10,total_return_pct
2691.7531627628177,8.054301035135238,16.088716664992127,26.91753162762818
