total_pnl,pct_return_top_5,pct_return_top_10,total_return_pct
2848.8249006208234,6.349425374631659,12.684524149809976,28.488249006208232
