total_pnl,pct_return_top_5,pct_return_top_10,total_return_pct
2848.826003308524,6.349422916976029,12.684519240044075,28.48826003308524
