total_pnl,pct_return_top_5,pct_return_top_10,total_return_pct
3765.867418407832,8.75786900545284,17.48647594705667,37.658674184078315
