total_pnl,pct_return_top_5,pct_return_top_10,total_return_pct
3596.1192829523116,9.171267955061326,18.311892584867355,35.961192829523114
