total_pnl,pct_return_top_5,pct_return_top_10,total_return_pct
3116.2975182592427,11.25168774102371,22.467613339170793,31.16297518259243
