total_pnl,pct_return_top_5,pct_return_top_10,total_return_pct
3765.8709000033523,8.75786090869161,17.48645978058736,37.658709000033525
