total_pnl,pct_return_top_5,pct_return_top_10,total_return_pct
2170.6622073914255,15.495501438233752,30.925999506522373,21.706622073914257
