total_pnl,pct_return_top_5,pct_return_top_10,total_return_pct
1725.0117790106187,7.693022642479969,15.367209117684347,17.250117790106188
