total_pnl,pct_return_top_5,pct_return_top_10,total_return_pct
599.6726819528828,14.545779819725215,29.01372938101513,5.996726819528829
