total_pnl,pct_return_top_5,pct_return_top_10,total_return_pct
247.33993205253677,62.73176691963739,125.24678724002347,2.4733993205253677
