total_pnl,pct_return_top_5,pct_return_top_10,total_return_pct
1445.7027104234958,8.743581574936092,17.464131965158625,14.457027104234957
