total_pnl,pct_return_top_5,pct_return_top_10,total_return_pct
1842.8818478524813,10.067882269557057,20.11511993253526,18.428818478524814
