total_pnl,pct_return_top_5,pct_return_top_10,total_return_pct
2473.0474189111233,8.018511258140471,16.018485604893264,24.73047418911123
