total_pnl,pct_return_top_5,pct_return_top_10,total_return_pct
1511.7653982371444,13.374887985410014,26.732249275021925,15.117653982371444
