total_pnl,pct_return_top_5,pct_return_top_10,total_return_pct
2440.7438731972493,8.124637242037847,16.230492234383178,24.40743873197249
