total_pnl,pct_return_top_5,pct_return_top_10,total_return_pct
2261.945061432211,9.324121650196204,18.62814374723019,22.61945061432211
