total_pnl,pct_return_top_5,pct_return_top_10,total_return_pct
2191.8408858130606,12.954382836304706,25.889202528391746,21.918408858130604
