total_pnl,pct_return_top_5,pct_return_top_10,total_return_pct
1660.4192705842568,12.68805502380285,25.34682354323291,16.604192705842568
