total_pnl,pct_return_top_5,pct_return_top_10,total_return_pct
2467.9465493870966,6.027005317861642,12.031884581759783,24.679465493870968
