total_pnl,pct_return_top_5,pct_return_top_10,total_return_pct
2010.4951592916934,4.739789305785799,9.456648152506762,20.104951592916933
