total_pnl,pct_return_top_5,pct_return_top_10,total_return_pct
4403.790062416261,5.622194377298234,11.2303043492548,44.03790062416261
