{
  "total_return": -0.06608916990678515,
  "cagr": -0.1331984385255801,
  "sharpe_ratio": -3.2993536784018884,
  "sortino_ratio": -0.5714711493362853,
  "calmar_ratio": -1.7338499381808656,
  "max_drawdown": -0.0768223567636599,
  "max_drawdown_duration": 3443.0,
  "win_rate": 0.25384615384615383,
  "profit_factor": 0.4842351318341167,
  "expectancy": -5.08378230052194,
  "var_95": 0.0,
  "cvar_95": -3.191863220985641e-05,
  "hour_block_avg_return": {
    "00-03": 9.15048909201801e-06,
    "04-07": -3.7582145479092715e-05,
    "08-11": 1.0884958998425962e-05,
    "12-15": -5.7534279126440726e-05,
    "16-19": 7.811416938454192e-06,
    "20-23": -2.9907948686772813e-05
  },
  "weekday_avg_return": {
    "0": -6.657987547776138e-06,
    "1": -2.0493882977841673e-05,
    "2": -2.3048227859720492e-05,
    "3": 5.245220185040219e-06,
    "4": -5.071754859345338e-05,
    "5": 0.0,
    "6": -1.7643971741035197e-05
  }
}