{
  "input_path": "data/BYBIT_BTCUSDT-60.csv",
  "trades_count": 109,
  "final_equity": 8077.959419948598,
  "metrics": {
    "total_return": -0.19220405800514018,
    "cagr": -0.3939668739849568,
    "sharpe_ratio": -2.9961105909182133,
    "sortino_ratio": -0.4753061390748761,
    "calmar_ratio": -1.7838030207638045,
    "max_drawdown": -0.22085783542190918,
    "max_drawdown_duration": 3440.0,
    "win_rate": 0.26605504587155965,
    "profit_factor": 0.480676335318017,
    "expectancy": -17.63339981698534,
    "var_95": 0.0,
    "cvar_95": -0.0001128049509153584,
    "hour_block_avg_return": {
      "00-03": 7.901569712188118e-05,
      "04-07": -0.0001488490048843871,
      "08-11": 2.7321321456113354e-05,
      "12-15": -0.00020862042425594124,
      "16-19": 1.7674023248288024e-05,
      "20-23": -0.00010013600856657847
    },
    "weekday_avg_return": {
      "0": 4.56968528887901e-05,
      "1": -0.00013255223142522244,
      "2": -1.8743636315932332e-05,
      "3": 1.7609577199882247e-05,
      "4": -0.00023336869067094342,
      "5": 0.0,
      "6": -7.016835454911237e-05
    }
  }
}