trades,return_pct,sharpe,max_dd
81,4.150641608436989,1.2837865086629026,-0.015264304214821722
