{
  "input_path": "data/BYBIT_BTCUSDT-60.csv",
  "trades_count": 118,
  "final_equity": 9320.378931700257,
  "metrics": {
    "total_return": -0.06796210682997428,
    "cagr": -0.15222587363782747,
    "sharpe_ratio": -3.687662011617545,
    "sortino_ratio": -0.6664312536851639,
    "calmar_ratio": -1.9778265543152895,
    "max_drawdown": -0.07696624019214215,
    "max_drawdown_duration": 3440.0,
    "win_rate": 0.23728813559322035,
    "profit_factor": 0.4437214413204398,
    "expectancy": -5.759500578811377,
    "var_95": 0.0,
    "cvar_95": -3.426885118570577e-05,
    "hour_block_avg_return": {
      "00-03": 1.0270325427494505e-05,
      "04-07": -4.1873764214642743e-05,
      "08-11": 1.2701795369050826e-05,
      "12-15": -5.943249569711781e-05,
      "16-19": 1.8836781554543874e-06,
      "20-23": -3.591709642394657e-05
    },
    "weekday_avg_return": {
      "0": -7.296473482597202e-06,
      "1": -2.8821322486404795e-05,
      "2": -1.8659407141595054e-05,
      "3": 3.7963595342877974e-06,
      "4": -6.121814041042495e-05,
      "5": 0.0,
      "6": -1.9215934941760246e-05
    }
  }
}