trades,return_pct,sharpe,max_dd
416,9.919737513470306,2.1440782667795935,-0.01951199794678682
