total_pnl,pct_return_top_5,pct_return_top_10,total_return_pct
1480.8787869466928,8.789906140027554,17.542847482464925,14.808787869466927
