total_pnl,pct_return_top_5,pct_return_top_10,total_return_pct
1182.6852056591483,9.787727645217283,19.51404715224039,11.826852056591482
