regime,trades,net_pnl,return_pct,pct_of_total_pnl,avg_pnl_per_trade,pnl_mismatch_pct
CRASH,0,0.0,0.0,0.0,0.0,1.4462549836855992e-14
HIGH_VOL,18,0.38237389880911365,0.0038237389880911364,0.024321643906488312,0.021242994378284093,1.4462549836855992e-14
BEAR,0,0.0,0.0,0.0,0.0,1.4462549836855992e-14
BULL,9,68.53548517291799,0.6853548517291799,4.359334333555696,7.615053908101999,1.4462549836855992e-14
SIDEWAYS,294,1153.282677354706,11.53282677354706,73.35681302908552,3.9227301950840343,1.4462549836855992e-14
RECOVERY,3,23.712202958878436,0.23712202958878437,1.5082613075850304,7.904067652959479,1.4462549836855992e-14
OTHER,57,326.2420881389389,3.262420881389389,20.751269685867292,5.723545405946297,1.4462549836855992e-14
