total_pnl,pct_return_top_5,pct_return_top_10,total_return_pct
1603.0166837364402,8.117469293054105,16.19681067821871,16.0301668373644
