total_pnl,pct_return_top_5,pct_return_top_10,total_return_pct
1572.1548275242503,8.276817574624825,16.514758779446375,15.721548275242503
