total_pnl,pct_return_top_5,pct_return_top_10,total_return_pct
1574.2290433092958,8.826410430372473,17.61399571473293,15.742290433092956
