total_pnl,pct_return_top_5,pct_return_top_10,total_return_pct
1840.1528521601142,8.861582672197473,17.655726190303245,18.401528521601143
