total_pnl,pct_return_top_5,pct_return_top_10,total_return_pct
1572.15489275252,8.276817231221964,16.514758094253622,15.7215489275252
