total_pnl,pct_return_top_5,pct_return_top_10,total_return_pct
1796.2791479605426,10.107834597783574,20.175878145647523,17.962791479605425
