total_pnl,pct_return_top_5,pct_return_top_10,total_return_pct
1574.229039278834,8.826410452970524,17.613995759829628,15.742290392788341
