total_pnl,pct_return_top_5,pct_return_top_10,total_return_pct
2671.1431896903796,11.1656550932689,22.29665375296087,26.711431896903797
