total_pnl,pct_return_top_5,pct_return_top_10,total_return_pct
2124.873041914513,10.847371835929627,21.67053655005701,21.248730419145133
