total_pnl,pct_return_top_5,pct_return_top_10,total_return_pct
1763.0881346534143,12.66897888468725,25.277896057781856,17.630881346534146
