total_pnl,pct_return_top_5,pct_return_top_10,total_return_pct
2795.2206110141706,7.238663639441062,14.45671786180441,27.952206110141702
