total_pnl,pct_return_top_5,pct_return_top_10,total_return_pct
2866.7476001722116,10.403798213356929,20.775304676814983,28.667476001722115
