total_pnl,pct_return_top_5,pct_return_top_10,total_return_pct
2711.8498787822664,10.378799024875919,20.724039889955748,27.118498787822666
