total_pnl,pct_return_top_5,pct_return_top_10,total_return_pct
1560.60253226716,10.610000272369684,21.172796086419,15.606025322671602
