total_pnl,pct_return_top_5,pct_return_top_10,total_return_pct
3758.448192361693,5.074341512368719,10.14047728368636,37.58448192361693
