total_pnl,pct_return_top_5,pct_return_top_10,total_return_pct
1414.3712775002366,11.251300233798617,22.459286007649514,14.143712775002365
