total_pnl,pct_return_top_5,pct_return_top_10,total_return_pct
1229.0584536910728,12.939606690853184,25.833269580752066,12.290584536910728
