total_pnl,pct_return_top_5,pct_return_top_10,total_return_pct
2671.228085569188,11.16530023098412,22.295945129827913,26.712280855691876
