total_pnl,pct_return_top_5,pct_return_top_10,total_return_pct
1754.9685691582165,12.727681049901479,25.42822163095796,17.549685691582166
