total_pnl,pct_return_top_5,pct_return_top_10,total_return_pct
1746.723264570307,15.3453135849834,30.657904869365677,17.46723264570307
