total_pnl,pct_return_top_5,pct_return_top_10,total_return_pct
756.2465456617047,18.192542449596573,36.331583917466844,7.562465456617047
