asset,sl_mult,tp1_mult,tp2_mult,tp3_mult,tenkan,kijun,tenkan_5,kijun_5,displacement,wfe
SHIB,1.5,4.75,6.0,8.0,19,25,14,16,52,2.4195626255905966
STRK,2.0,3.25,7.0,8.5,20,30,11,20,52,0.8515231642002312
METIS,1.5,4.75,7.5,9.5,16,20,8,17,52,0.8536894760049025
AEVO,4.5,2.75,5.5,9.0,7,23,8,28,52,0.6237546984932829
YGG,1.5,5.0,7.5,9.0,11,39,12,24,52,0.776670357859411
