total_pnl,pct_return_top_5,pct_return_top_10,total_return_pct
-118.04297742992296,-204.73346087922494,-409.1249017114496,-1.1804297742992296
