total_pnl,pct_return_top_5,pct_return_top_10,total_return_pct
363.1700142977121,40.14208181388671,80.20649867358567,3.631700142977121
