total_pnl,pct_return_top_5,pct_return_top_10,total_return_pct
346.68103278504634,75.7498956852938,151.33355293846515,3.4668103278504634
