regime,trades,net_pnl,return_pct,pct_of_total_pnl,avg_pnl_per_trade,pnl_mismatch_pct
CRASH,3,-50.33248135114496,-0.5033248135114496,-2.4843860144250884,-16.777493783714988,0.0
HIGH_VOL,3,-51.69694071807366,-0.5169694071807366,-2.551735043867919,-17.232313572691222,0.0
BEAR,33,121.90718119235403,1.2190718119235402,6.017277270701854,3.69415700582891,0.0
BULL,48,242.02984064203386,2.4202984064203386,11.94647144395005,5.0422883467090385,0.0
SIDEWAYS,162,1548.830106170729,15.488301061707292,76.4494765844393,9.56067966772055,0.0
RECOVERY,36,-14.558026074548168,-0.1455802607454817,-0.7185768594422872,-0.4043896131818936,0.0
OTHER,240,229.77285162528347,2.2977285162528345,11.341472618644096,0.9573868817720145,0.0
