total_pnl,pct_return_top_5,pct_return_top_10,total_return_pct
2077.9959506381474,9.55515350513164,19.084009945582647,20.779959506381473
