total_pnl,pct_return_top_5,pct_return_top_10,total_return_pct
2025.9523565051563,9.800610674597033,19.574248753444433,20.259523565051563
