total_pnl,pct_return_top_5,pct_return_top_10,total_return_pct
1947.6665894784712,10.194542740863156,20.3610287320674,19.476665894784713
