total_pnl,pct_return_top_5,pct_return_top_10,total_return_pct
1346.9485245315489,10.21314680876187,20.402925340347693,13.469485245315488
