total_pnl,pct_return_top_5,pct_return_top_10,total_return_pct
2025.9525314866337,9.800609828118496,19.574247062816983,20.259525314866337
