total_pnl,pct_return_top_5,pct_return_top_10,total_return_pct
1849.7490513023884,6.7925284586570935,13.560066431805168,18.497490513023884
