total_pnl,pct_return_top_5,pct_return_top_10,total_return_pct
2001.7265396071934,11.493983712376197,22.96330075253764,20.017265396071934
