total_pnl,pct_return_top_5,pct_return_top_10,total_return_pct
2573.4870064151605,9.835753033151597,19.651372883361617,25.734870064151604
