total_pnl,pct_return_top_5,pct_return_top_10,total_return_pct
2319.321820885125,10.649756255949839,21.26629496265906,23.19321820885125
