total_pnl,pct_return_top_5,pct_return_top_10,total_return_pct
1026.5945575668613,5.747790267425279,11.479745776959732,10.265945575668614
