total_pnl,pct_return_top_5,pct_return_top_10,total_return_pct
1023.959397204503,5.281841406955654,10.542918336364405,10.23959397204503
