regime,trades,net_pnl,return_pct,pct_of_total_pnl,avg_pnl_per_trade,pnl_mismatch_pct
CRASH,0,0.0,0.0,0.0,0.0,2.1756613412218683e-14
HIGH_VOL,9,39.97201429372259,0.3997201429372259,3.824786051423649,4.4413349215247315,2.1756613412218683e-14
BEAR,39,-89.87537909345976,-0.8987537909345975,-8.599869243443715,-2.3044968998323014,2.1756613412218683e-14
BULL,54,98.2177442641895,0.9821774426418951,9.398121783493982,1.8188471160035093,2.1756613412218683e-14
SIDEWAYS,165,571.4004755874718,5.714004755874718,54.67536743943927,3.4630331853786167,2.1756613412218683e-14
RECOVERY,33,48.189671258877475,0.48189671258877476,4.611105687575807,1.4602930684508326,2.1756613412218683e-14
OTHER,223,377.1739109221605,3.771739109221605,36.09048828151099,1.6913628292473564,2.1756613412218683e-14
