total_pnl,pct_return_top_5,pct_return_top_10,total_return_pct
1045.0784372329622,5.6648017534069925,11.313662182136158,10.450784372329622
