regime,trades,net_pnl,return_pct,pct_of_total_pnl,avg_pnl_per_trade,pnl_mismatch_pct
CRASH,0,0.0,0.0,0.0,0.0,0.0
HIGH_VOL,9,39.97201429372296,0.3997201429372296,3.926029953227258,4.441334921524773,0.0
BEAR,39,-92.87537909345976,-0.9287537909345975,-9.122170265397907,-2.3814199767553785,0.0
BULL,57,102.92004735331516,1.0292004735331515,10.108752231686662,1.8056148658476343,0.0
SIDEWAYS,168,518.2025428944874,5.182025428944873,50.897577747583675,3.08453894580052,0.0
RECOVERY,33,46.18967125887746,0.4618967125887746,4.536724908570602,1.3996870078447716,0.0
OTHER,216,403.71920648965465,4.037192064896546,39.65308542432971,1.8690704004150678,0.0
