total_pnl,pct_return_top_5,pct_return_top_10,total_return_pct
1238.6884867296037,7.5381437681142245,15.056853960599343,12.386884867296038
