regime,trades,net_pnl,return_pct,pct_of_total_pnl,avg_pnl_per_trade,pnl_mismatch_pct
CRASH,0,0.0,0.0,0.0,0.0,1.9175959854736895e-14
HIGH_VOL,9,125.67242746513915,1.2567242746513916,10.598805773012694,13.963603051682128,1.9175959854736895e-14
BEAR,39,221.2487363551337,2.212487363551337,18.659402316415328,5.6730445219265055,1.9175959854736895e-14
BULL,78,-274.7971033068906,-2.747971033068906,-23.17549826706543,-3.523039785985777,1.9175959854736895e-14
SIDEWAYS,213,48.23523816807999,0.48235238168079986,4.068003865846408,0.2264565172210328,1.9175959854736895e-14
RECOVERY,30,80.68985976598142,0.8068985976598142,6.805121606714416,2.689661992199381,1.9175959854736895e-14
OTHER,240,984.673366868887,9.84673366868887,83.04416470507658,4.102805695287029,1.9175959854736895e-14
