total_pnl,pct_return_top_5,pct_return_top_10,total_return_pct
1018.1281031965977,5.7955872036617055,11.57520797223526,10.181281031965977
