total_pnl,pct_return_top_5,pct_return_top_10,total_return_pct
1108.5757522709437,8.447996793981641,16.86538625401192,11.085757522709438
