total_pnl,pct_return_top_5,pct_return_top_10,total_return_pct
1045.1132932956034,5.664612823952135,11.313284854893023,10.451132932956034
