total_pnl,pct_return_top_5,pct_return_top_10,total_return_pct
1026.874289169991,9.64280251630268,19.260453588975164,10.26874289169991
