total_pnl,pct_return_top_5,pct_return_top_10,total_return_pct
1185.7225253163306,23.67253352616355,47.257439813077525,11.857225253163307
