total_pnl,pct_return_top_5,pct_return_top_10,total_return_pct
1343.2542269028133,15.247310319698842,30.452971411660286,13.432542269028133
