fees_bps,slippage_bps,total_return_pct,sharpe,max_drawdown_pct,profit_factor,trades,scenario,break_even_fees_bps,edge_buffer_bps
5.0,2.0,19.455201787433808,2.0701455162188434,-6.771385574422018,1.4678597280498566,453,Base,29.0,24.0
10.0,5.0,14.984956211167667,1.591608882973736,-7.705984965174418,1.3408426112144851,453,Stress1,29.0,24.0
