regime,trades,net_pnl,return_pct,pct_of_total_pnl,avg_pnl_per_trade,pnl_mismatch_pct
CRASH,0,0.0,0.0,0.0,0.0,0.0
HIGH_VOL,9,67.19012071131023,0.6719012071131023,6.549012452233731,7.465568967923359,0.0
BEAR,12,104.70459622649915,1.0470459622649915,10.20554357149742,8.725383018874929,0.0
BULL,21,-20.068395679728013,-0.20068395679728016,-1.956063954217139,-0.9556378895108578,0.0
SIDEWAYS,135,417.82993400038504,4.178299340003851,40.72583010293507,3.0950365481510005,0.0
RECOVERY,27,14.05851003867768,0.1405851003867768,1.370281171226633,0.5206855569880622,0.0
OTHER,102,442.2432887052283,4.422432887052283,43.10539665632428,4.335718516717924,0.0
