total_pnl,pct_return_top_5,pct_return_top_10,total_return_pct
919.4664291836352,12.682242767512431,25.310717608467385,9.194664291836352
