total_pnl,pct_return_top_5,pct_return_top_10,total_return_pct
1945.5201787433796,10.527862821812613,21.020706118830855,19.455201787433797
