total_pnl,pct_return_top_5,pct_return_top_10,total_return_pct
1815.775494712342,11.280122249983043,22.5227226849973,18.15775494712342
