total_pnl,pct_return_top_5,pct_return_top_10,total_return_pct
1235.5969686153705,11.724722321617527,23.403132364716175,12.355969686153706
