total_pnl,pct_return_top_5,pct_return_top_10,total_return_pct
891.2298944315611,13.693191370371546,27.320926367358396,8.91229894431561
