total_pnl,pct_return_top_5,pct_return_top_10,total_return_pct
919.4663191530667,12.682244285169308,25.310720637346844,9.194663191530667
