total_pnl,pct_return_top_5,pct_return_top_10,total_return_pct
673.549346336348,14.677973222051785,29.295254538902604,6.73549346336348
