total_pnl,pct_return_top_5,pct_return_top_10,total_return_pct
1830.6854099164093,11.188251923531684,22.3392876264236,18.306854099164095
