total_pnl,pct_return_top_5,pct_return_top_10,total_return_pct
901.7909670151547,11.618224046494808,23.189628575364498,9.017909670151546
