regime,trades,net_pnl,return_pct,pct_of_total_pnl,avg_pnl_per_trade,pnl_mismatch_pct
CRASH,0,0.0,0.0,0.0,0.0,3.48267673045802e-14
HIGH_VOL,9,-51.954445695387165,-0.5195444569538716,-15.915698131232858,-5.772716188376352,3.48267673045802e-14
BEAR,15,5.353783290423258,0.05353783290423258,1.6400752153146452,0.3569188860282172,3.48267673045802e-14
BULL,42,-1.6230444523280063,-0.016230444523280062,-0.49720260145356954,-0.0386439155316192,3.48267673045802e-14
SIDEWAYS,225,409.10294320311056,4.091029432031106,125.32438488122892,1.8182353031249359,3.48267673045802e-14
RECOVERY,27,-167.35556846385452,-1.6735556846385453,-51.2676186339925,-6.198354387550167,3.48267673045802e-14
OTHER,117,132.91156145574305,1.3291156145574305,40.716059270135325,1.1359962517584876,3.48267673045802e-14
