total_pnl,pct_return_top_5,pct_return_top_10,total_return_pct
1564.1775549516929,11.47489607439516,22.9126321472419,15.641775549516929
