regime,trades,net_pnl,return_pct,pct_of_total_pnl,avg_pnl_per_trade,pnl_mismatch_pct
CRASH,0,0.0,0.0,0.0,0.0,0.0
HIGH_VOL,18,-166.8257867568762,-1.668257867568762,-22.00899160850649,-9.2680992642709,0.0
BEAR,18,41.3949906020719,0.413949906020719,5.461158124930308,2.2997217001151053,0.0
BULL,36,72.22434180594216,0.7222434180594216,9.528412625162495,2.0062317168317265,0.0
SIDEWAYS,300,681.757381286997,6.81757381286997,89.94288458324571,2.27252460428999,0.0
RECOVERY,27,-53.49556827531656,-0.5349556827531656,-7.057563079139497,-1.981317343530243,0.0
OTHER,123,182.93387466669927,1.8293387466669926,24.134099354307473,1.4872672737130022,0.0
