regime,trades,net_pnl,return_pct,pct_of_total_pnl,avg_pnl_per_trade,pnl_mismatch_pct
CRASH,0,0.0,0.0,0.0,0.0,2.3374075265576916e-14
HIGH_VOL,12,-67.75671670443981,-0.6775671670443981,-3.48270439159383,-5.6463930587033175,2.3374075265576916e-14
BEAR,18,76.81165726873853,0.7681165726873853,3.9481295597947246,4.267314292707696,2.3374075265576916e-14
BULL,27,83.13328612156991,0.8313328612156992,4.27306213679398,3.079010597095182,2.3374075265576916e-14
SIDEWAYS,249,1340.3375876698426,13.403375876698426,68.8935330671087,5.382881878192139,2.3374075265576916e-14
RECOVERY,27,-3.4955682753165718,-0.03495568275316572,-0.17967268155370023,-0.12946549167839155,2.3374075265576916e-14
OTHER,120,516.4899326629845,5.164899326629845,26.547652309450097,4.304082772191538,2.3374075265576916e-14
