total_pnl,pct_return_top_5,pct_return_top_10,total_return_pct
1113.2522726581321,10.462793009341887,20.890349921386285,11.132522726581321
