total_pnl,pct_return_top_5,pct_return_top_10,total_return_pct
1874.3232760627295,10.927767808498986,21.819185861858312,18.743232760627297
