total_pnl,pct_return_top_5,pct_return_top_10,total_return_pct
1025.9580540023724,12.65914506725418,25.270196963426965,10.259580540023723
