total_pnl,pct_return_top_5,pct_return_top_10,total_return_pct
1874.3231098421556,10.927768777606088,21.81918779684891,18.743231098421557
