regime,trades,net_pnl,return_pct,pct_of_total_pnl,avg_pnl_per_trade,pnl_mismatch_pct
CRASH,0,0.0,0.0,0.0,0.0,0.0
HIGH_VOL,6,-102.39502348289452,-1.0239502348289453,-11.03401204100336,-17.065837247149087,0.0
BEAR,18,80.14499060207189,0.8014499060207187,8.636364944797258,4.452499477892882,0.0
BULL,36,184.59044476618922,1.8459044476618922,19.89132988034861,5.127512354616368,0.0
SIDEWAYS,219,675.9458907683364,6.759458907683364,72.8394295358555,3.086510916750395,0.0
RECOVERY,27,16.486434633047967,0.16486434633047967,1.7765660094277442,0.6106086901128877,0.0
OTHER,111,73.22175014343858,0.7322175014343859,7.890321670574239,0.6596554066976449,0.0
