total_pnl,pct_return_top_5,pct_return_top_10,total_return_pct
757.9892333295176,21.74454937044527,43.44459841326602,7.5798923332951755
