total_pnl,pct_return_top_5,pct_return_top_10,total_return_pct
-89.27202617652785,-213.36245329292237,-426.26873943305156,-0.8927202617652785
