total_pnl,pct_return_top_5,pct_return_top_10,total_return_pct
169.79857412310375,62.91310214828836,125.57378585676943,1.6979857412310375
