regime,trades,net_pnl,return_pct,pct_of_total_pnl,avg_pnl_per_trade,pnl_mismatch_pct
CRASH,0,0.0,0.0,0.0,0.0,0.0
HIGH_VOL,21,-166.255217321985,-1.6625521732198496,-8.02772692156999,-7.916915110570714,0.0
BEAR,12,86.92681844872135,0.8692681844872134,4.197310447802407,7.2439015373934454,0.0
BULL,51,91.88017774928763,0.9188017774928763,4.436486194885002,1.80157211273113,0.0
SIDEWAYS,420,1191.7123956376583,11.917123956376583,57.54250504332309,2.8374104658039485,0.0
RECOVERY,27,25.75145403068953,0.2575145403068953,1.2434234794050083,0.9537575566922049,0.0
OTHER,171,840.9967382972035,8.409967382972034,40.60800175615448,4.9181095806854005,0.0
