total_pnl,pct_return_top_5,pct_return_top_10,total_return_pct
1765.366809746054,7.364397678619611,14.700770898331312,17.65366809746054
