total_pnl,pct_return_top_5,pct_return_top_10,total_return_pct
1092.802885081325,15.883165935810062,31.708110845317368,10.92802885081325
