total_pnl,pct_return_top_5,pct_return_top_10,total_return_pct
221.30881402983846,50.0759683378298,100.02146975682793,2.2130881402983844
