fees_bps,slippage_bps,total_return_pct,sharpe,max_drawdown_pct,profit_factor,trades,scenario,break_even_fees_bps,edge_buffer_bps
5,2,20.710123668415736,1.7836331754074126,-2.7285857070197927,1.4582654096025454,702,Base,27.0,22.0
10,5,15.372487225970243,1.3259768066329471,-3.1134817730983144,1.3261954254362605,702,Stress1,27.0,22.0
15,10,8.700441672913396,0.75435164102024,-4.020762530358624,1.1756091121435408,702,Stress2,27.0,22.0
20,15,2.0283961198565237,0.18958516016967844,-6.706967665814101,1.0390360623703279,702,Stress3,27.0,22.0
