total_pnl,pct_return_top_5,pct_return_top_10,total_return_pct
162.07630214335123,91.28315769878837,182.31787094724646,1.6207630214335123
