total_pnl,pct_return_top_5,pct_return_top_10,total_return_pct
919.4665645456614,12.68224090045805,25.310713882274232,9.194665645456613
