total_pnl,pct_return_top_5,pct_return_top_10,total_return_pct
326.43522933770726,27.64129338559514,55.16489902131371,3.264352293377073
