total_pnl,pct_return_top_5,pct_return_top_10,total_return_pct
927.9944874301896,22.071434514226542,44.074308162652855,9.279944874301895
