total_pnl,pct_return_top_5,pct_return_top_10,total_return_pct
2071.0123668415754,6.277540126635306,12.53119171913667,20.710123668415754
