regime,trades,net_pnl,return_pct,pct_of_total_pnl,avg_pnl_per_trade,pnl_mismatch_pct
CRASH,0,0.0,0.0,0.0,0.0,0.0
HIGH_VOL,9,-153.4742779479281,-1.534742779479281,-8.383432626741472,-17.05269754976979,0.0
BEAR,18,66.81165726873854,0.6681165726873854,3.649543329882616,3.711758737152141,0.0
BULL,27,96.46661945490324,0.9646661945490324,5.269426354324198,3.5728377575890087,0.0
SIDEWAYS,252,1238.6734464779117,12.386734464779117,67.66173148965396,4.915370819356792,0.0
RECOVERY,27,-3.4955682753165718,-0.03495568275316572,-0.19094314382918376,-0.12946549167839155,0.0
OTHER,123,585.7035329381006,5.857035329381006,31.99367459670989,4.761817340960167,0.0
