metric,mean,std,ci_lower_95,ci_upper_95
sharpe,4.863825041719865,1.0531582998709759,2.8546385758816855,6.961903666657452
total_return,17.567540074254367,3.6260255866595577,10.492663051796528,24.6411869797866
profit_factor,1.6513044000917845,0.17722408918914734,1.3401715398105707,2.0288662621668467
