regime,trades,net_pnl,return_pct,pct_of_total_pnl,avg_pnl_per_trade,pnl_mismatch_pct
CRASH,0,0.0,0.0,0.0,0.0,1.692707686224783e-14
HIGH_VOL,9,-15.655043000217665,-0.15655043000217664,-1.1654564479811111,-1.7394492222464073,1.692707686224783e-14
BEAR,18,76.81165726873853,0.7681165726873853,5.718326116556935,4.267314292707696,1.692707686224783e-14
BULL,33,87.26463130638024,0.8726463130638024,6.496508967449091,2.6443827668600073,1.692707686224783e-14
SIDEWAYS,252,762.2948652081245,7.622948652081245,56.749857915264,3.024979623841764,1.692707686224783e-14
RECOVERY,27,-3.533352695781801,-0.03533352695781801,-0.2630442268496539,-0.1308649146585852,1.692707686224783e-14
OTHER,105,436.07146881556935,4.360714688155694,32.46380767556072,4.153061607767327,1.692707686224783e-14
