regime,trades,net_pnl,return_pct,pct_of_total_pnl,avg_pnl_per_trade,pnl_mismatch_pct
CRASH,0,0.0,0.0,0.0,0.0,1.2130974328017808e-14
HIGH_VOL,12,-67.7567167117271,-0.6775671671172709,-3.614996280367348,-5.646393059310591,1.2130974328017808e-14
BEAR,18,76.81165726873853,0.7681165726873853,4.098100805219249,4.267314292707696,1.2130974328017808e-14
BULL,27,83.13328612156991,0.8313328612156992,4.435376073235491,3.079010597095182,1.2130974328017808e-14
SIDEWAYS,252,1285.9072418952455,12.859072418952454,68.60648097997631,5.102806515457323,1.2130974328017808e-14
RECOVERY,27,-3.4955682753165718,-0.03495568275316572,-0.18649761863169556,-0.12946549167839155,1.2130974328017808e-14
OTHER,120,499.72337576421904,4.99723375764219,26.66153604056798,4.164361464701825,1.2130974328017808e-14
