total_pnl,pct_return_top_5,pct_return_top_10,total_return_pct
911.221768163813,8.1669391036283,16.31420018582318,9.11221768163813
