total_pnl,pct_return_top_5,pct_return_top_10,total_return_pct
924.737486975977,14.163711582572716,28.295739708499255,9.24737486975977
