total_pnl,pct_return_top_5,pct_return_top_10,total_return_pct
932.2344952672383,14.051424961447943,28.070943229748224,9.322344952672383
