total_pnl,pct_return_top_5,pct_return_top_10,total_return_pct
1594.9370120794104,20.77591595185343,41.46710384116078,15.949370120794104
