total_pnl,pct_return_top_5,pct_return_top_10,total_return_pct
1707.7109162593738,19.403914910870782,38.72869703548959,17.077109162593736
