total_pnl,pct_return_top_5,pct_return_top_10,total_return_pct
1219.4726884022546,33.17102094174387,66.1871106332221,12.194726884022545
