total_pnl,pct_return_top_5,pct_return_top_10,total_return_pct
1708.1980360994799,19.398381575900792,38.717652931522274,17.081980360994798
