total_pnl,pct_return_top_5,pct_return_top_10,total_return_pct
1611.1737000315668,20.56587749628181,41.05115971703958,16.111737000315667
