total_pnl,pct_return_top_5,pct_return_top_10,total_return_pct
1731.9594835661092,17.171528257391465,34.27331554857193,17.319594835661093
