total_pnl,pct_return_top_5,pct_return_top_10,total_return_pct
1379.5616234467384,24.6860578943378,49.273688907946564,13.795616234467383
