total_pnl,pct_return_top_5,pct_return_top_10,total_return_pct
1219.4726907258253,33.17102087854015,66.18711050710986,12.194726907258252
