total_pnl,pct_return_top_5,pct_return_top_10,total_return_pct
1818.1252617834384,18.22551944466025,36.37671181969717,18.181252617834385
