total_pnl,pct_return_top_5,pct_return_top_10,total_return_pct
425.5564477387001,48.48865737364028,96.73479705175394,4.255564477387002
