total_pnl,pct_return_top_5,pct_return_top_10,total_return_pct
1149.714689368299,27.345445986874893,54.6471465698213,11.497146893682991
