total_pnl,pct_return_top_5,pct_return_top_10,total_return_pct
1256.7598515035825,32.190197000452265,64.31162387502613,12.567598515035824
