total_pnl,pct_return_top_5,pct_return_top_10,total_return_pct
-155.1085726892195,-228.01694006209354,-455.7508238101041,-1.551085726892195
