total_pnl,pct_return_top_5,pct_return_top_10,total_return_pct
1594.4006085062992,21.7369749383674,43.45286860727261,15.944006085062993
