total_pnl,pct_return_top_5,pct_return_top_10,total_return_pct
419.4216483634437,15.344491967060096,30.64422208587428,4.194216483634437
