total_pnl,pct_return_top_5,pct_return_top_10,total_return_pct
964.4478961977393,46.292340877125746,92.51210899841438,9.644478961977393
