total_pnl,pct_return_top_5,pct_return_top_10,total_return_pct
634.8335858240814,19.932957026448566,39.84576181928942,6.348335858240814
