total_pnl,pct_return_top_5,pct_return_top_10,total_return_pct
-116.20135568230702,-304.36290449733303,-608.3479781112802,-1.1620135568230703
