total_pnl,pct_return_top_5,pct_return_top_10,total_return_pct
2820.7796006113795,6.7474872693667,13.469397232813263,28.207796006113796
