total_pnl,pct_return_top_5,pct_return_top_10,total_return_pct
2078.09006314008,6.275427414230958,12.525370597760253,20.7809006314008
