total_pnl,pct_return_top_5,pct_return_top_10,total_return_pct
2020.3132825110342,8.180920335513088,16.32813249302348,20.20313282511034
