total_pnl,pct_return_top_5,pct_return_top_10,total_return_pct
2022.9799491777012,8.17013634945814,16.30660895460889,20.229799491777012
