total_pnl,pct_return_top_5,pct_return_top_10,total_return_pct
2014.9455113180488,8.202714130066049,16.371630284273415,20.14945511318049
