total_pnl,pct_return_top_5,pct_return_top_10,total_return_pct
2100.1567885685163,6.209490368744794,12.393764274187344,21.001567885685162
