total_pnl,pct_return_top_5,pct_return_top_10,total_return_pct
2820.7796182249276,6.747487227233955,13.469397148707479,28.20779618224928
