total_pnl,pct_return_top_5,pct_return_top_10,total_return_pct
2022.9799483709821,8.170136352716208,16.306608961111603,20.22979948370982
