total_pnl,pct_return_top_5,pct_return_top_10,total_return_pct
1009.4082973186084,8.680715321009005,17.33175081291093,10.094082973186085
