total_pnl,pct_return_top_5,pct_return_top_10,total_return_pct
2044.1765451338122,6.734645572041688,13.450206025594325,20.441765451338124
