total_pnl,pct_return_top_5,pct_return_top_10,total_return_pct
851.4320624155293,16.131984241406407,32.19080632128385,8.514320624155292
