total_pnl,pct_return_top_5,pct_return_top_10,total_return_pct
349.7483119379461,23.182786530670217,46.169668657941905,3.497483119379461
