total_pnl,pct_return_top_5,pct_return_top_10,total_return_pct
349.7482343788143,23.182791671616247,46.16967889639078,3.4974823437881426
