total_pnl,pct_return_top_5,pct_return_top_10,total_return_pct
3969.8327818101106,11.252719012973825,22.4929132767066,39.698327818101106
