total_pnl,pct_return_top_5,pct_return_top_10,total_return_pct
4033.911124873441,9.691919130630295,19.349889931675396,40.33911124873441
