total_pnl,pct_return_top_5,pct_return_top_10,total_return_pct
1708.0833054703608,10.739064232336254,21.44689988690397,17.080833054703607
