total_pnl,pct_return_top_5,pct_return_top_10,total_return_pct
1927.0375139275434,9.183829608225428,18.330604873728465,19.270375139275433
