total_pnl,pct_return_top_5,pct_return_top_10,total_return_pct
1828.0247913936012,12.592720948796119,25.163336336657228,18.280247913936012
