total_pnl,pct_return_top_5,pct_return_top_10,total_return_pct
1296.458967281228,10.13364382085168,20.244772233223294,12.964589672812279
