total_pnl,pct_return_top_5,pct_return_top_10,total_return_pct
1338.6914177294889,10.473049598515649,20.919717727509944,13.386914177294889
