total_pnl,pct_return_top_5,pct_return_top_10,total_return_pct
1022.3346875738844,11.124681240557328,22.22080989106682,10.223346875738844
