asset,base_oos_sharpe,base_oos_return,base_oos_max_dd,oos_sharpe_4h,oos_return_4h,oos_max_dd_4h,oos_trades_4h,oos_sharpe_1d,oos_return_1d,oos_max_dd_1d,oos_trades_1d,warmup_bars_4h,warmup_bars_1d,tf_specific,tf_specific_reason
BTC,2.011341735004386,2.2489442022787465,-1.6560918313371251,-0.22483243149874632,-0.20722707167873944,-1.301323478531291,30,0.0,0.0,0.0,0,50,8,True,NO_TF_SHARPE>=1.5
ETH,3.965759181388176,5.702741625310437,-0.9837491819847166,-0.24375423772588525,-0.2046270957998586,-1.1108028922997226,24,0.0,0.0,0.0,0,50,8,True,NO_TF_SHARPE>=1.5
AVAX,4.216363569865473,6.05746374548628,-1.9951292620871584,1.4883318583151737,0.9717900592252526,-0.5181940876811564,18,0.0,0.0,0.0,0,50,8,True,NO_TF_SHARPE>=1.5
UNI,3.827126867230134,5.710048122770339,-1.2436631063017178,-0.11347629258702854,-0.0679995911221365,-0.5083125225318286,12,0.0,0.0,0.0,0,50,8,True,NO_TF_SHARPE>=1.5
SUI,2.5628523512818497,6.333071463173368,-2.222620576981793,1.449746211794588,2.6239688025612162,-2.051526421053762,34,0.0,0.0,0.0,0,50,8,True,NO_TF_SHARPE>=1.5
SEI,3.879216907447298,5.560831856009285,-2.031478887864957,3.9227954798676086,1.9617821305000227,0.0,12,0.0,0.0,0.0,0,50,8,False,
