asset,total_return_pct,sharpe,sortino,max_drawdown_pct,profit_factor,trades,win_rate_pct,expectancy
BTC,15.6888334185036,2.135159448242241,0.33599107968030156,-2.8481961584602034,1.5396244574960567,416,43.50961538461539,3.7713541871402874
ETH,-5.420412579264344,-0.673348746526956,-0.11682409003569524,-12.95462266475994,0.8622849073339038,429,31.7016317016317,-1.2634994357259526
SOL,-0.4141200612357898,-0.03869264761682477,-0.006392993083402691,-6.793428493797393,0.9877334596964429,390,33.84615384615385,-0.10618463108609746
