asset,base_sharpe,guard001_p_value,guard001_pass,guard002_variance_pct,guard002_pass,guard003_sharpe_ci_lower,guard003_pass,guard005_top10_pct,guard005_pass,guard006_stress1_sharpe,guard006_pass,guard007_mismatch_pct,guard007_pass,all_pass,error
UNI,2.932822011972533,0.0,True,6.829823516151522,True,4.0436745246038885,True,11.45240151880756,True,2.653629942941317,True,0.0,True,True,
ETH,2.385127586176001,0.0,True,7.173786512004655,True,2.8546385758816855,True,14.700770898331312,True,1.9696259035420571,True,0.0,True,True,
AVAX,2.927688515473037,0.0,True,8.71911718140097,True,3.175277579959399,True,25.889202528391746,True,2.3858905763013083,True,2.0747279322594447e-14,True,True,
SUI,1.7486112464988097,0.0,True,8.176665376278988,True,0.8771333670105148,False,49.297847747406756,False,1.3954944370364866,True,1.879900413099831e-14,True,False,
SEI,3.5475606772912265,0.0,True,2.950124445756136,True,5.276451592942215,True,10.7608403910514,True,3.3234009635466486,True,0.0,True,True,
