total_pnl,pct_return_top_5,pct_return_top_10,total_return_pct
904.431702588093,14.84771691498484,29.65840360598029,9.044317025880929
