total_pnl,pct_return_top_5,pct_return_top_10,total_return_pct
1005.7617875886701,13.354311134905942,26.67953497237337,10.0576178758867
