total_pnl,pct_return_top_5,pct_return_top_10,total_return_pct
1348.3407114544405,9.211936315502411,18.399730749473754,13.483407114544404
