total_pnl,pct_return_top_5,pct_return_top_10,total_return_pct
3644.925468634109,10.745306459005988,21.459198980706127,36.44925468634109
