total_pnl,pct_return_top_5,pct_return_top_10,total_return_pct
3622.011032431191,8.110110415503732,16.2047736082045,36.22011032431191
