total_pnl,pct_return_top_5,pct_return_top_10,total_return_pct
3610.0576104399984,10.849090348986408,21.666463348137448,36.100576104399984
