total_pnl,pct_return_top_5,pct_return_top_10,total_return_pct
3667.905847214014,10.677984335518927,21.32475155017224,36.67905847214014
