total_pnl,pct_return_top_5,pct_return_top_10,total_return_pct
1005.2203604420004,9.31522187606712,18.61054437280678,10.052203604420004
