total_pnl,pct_return_top_5,pct_return_top_10,total_return_pct
1023.6478365044609,9.686841221031777,19.350827055180726,10.236478365044608
