total_pnl,pct_return_top_5,pct_return_top_10,total_return_pct
1311.9988758683025,5.283842012221828,10.54896453293998,13.119988758683027
