total_pnl,pct_return_top_5,pct_return_top_10,total_return_pct
962.0621476494965,10.535631969524363,21.051054134616713,9.620621476494966
