total_pnl,pct_return_top_5,pct_return_top_10,total_return_pct
1708.7860739576645,7.997878961644121,15.983915839431933,17.087860739576644
