total_pnl,pct_return_top_5,pct_return_top_10,total_return_pct
1846.4862702889936,7.6737402377242665,15.333311627052801,18.464862702889935
