total_pnl,pct_return_top_5,pct_return_top_10,total_return_pct
3313.950931170656,10.884392906453803,21.74823217192811,33.13950931170656
