total_pnl,pct_return_top_5,pct_return_top_10,total_return_pct
1846.486274809697,7.673740218936851,15.333311589512661,18.464862748096973
