total_pnl,pct_return_top_5,pct_return_top_10,total_return_pct
2027.1670503823889,7.812608798089078,15.613925482907378,20.271670503823888
