asset,base_sharpe,guard001_p_value,guard001_pass,guard002_variance_pct,guard002_pass,guard003_sharpe_ci_lower,guard003_pass,guard005_top10_pct,guard005_pass,guard006_stress1_sharpe,guard006_pass,guard007_mismatch_pct,guard007_pass,guard_wfe,guard_wfe_pass,overfit_psr,overfit_dsr,overfit_sr_star,all_pass,error
ADA,1.5974096660473975,0.0,True,19.38150828754385,False,0.7942363523679907,False,30.171287301285442,True,0.9507685667274555,False,0.0,True,0.6108019772049115,True,0.9852005697170017,,,False,
FIL,2.029244880910665,0.0,True,7.266476712519896,True,1.7112659035310454,True,16.31420018582318,True,1.5688625389681983,True,2.4952616738009757e-14,True,-0.0606340249638456,False,0.9936277246442715,,,False,
