,ETH,SOL
ETH,1.0,0.3201467376937428
SOL,0.3201467376937428,1.0
