regime,sharpe,return_pct,win_rate,profit_factor,trade_count,bar_count
BULL,3.5111084301216837,6.095809604190161,0.3902439024390244,1.0902601118151438,123,4325
BEAR,-0.4876072555449515,-1.0342749942938378,0.5346534653465347,2.686784260427556,101,4309
HIGH_VOL,3.149705517194307,4.9412317418792595,0.3563218390804598,1.240648499748461,87,4318
SIDEWAYS,0.0,0.0,0.0,0.0,0,1
OTHER,3.155592081688404,4.993458719608745,0.45714285714285713,1.7009037232590387,105,4368
