regime,sharpe,return_pct,win_rate,profit_factor,trade_count,bar_count,avg_win,avg_loss,max_win,max_loss
CRASH,0.0,0.0,0.0,0.0,0,7,0.0,0.0,0.0,0.0
HIGH_VOL,13.239720644129946,9.4765094741992,0.3939393939393939,1.9679937635734348,33,937,24.390554629760945,-8.055848957853181,35.292261710629965,-26.177392650927743
BEAR,11.378201799821788,3.5344479470523993,0.0,0.0,3,829,0.0,-17.271415717739277,0.0,-25.907123576608914
BULL,13.145369181245163,8.2054881049465,0.2857142857142857,0.9370764322223848,21,1309,24.888608679218237,-10.623939658877998,35.498463110013695,-26.229635820629404
SIDEWAYS,-1.7442733180801155,-7.707397336323652,0.44155844155844154,1.5430002011548847,308,12998,24.598024019342112,-12.605053695281054,35.44454358306866,-27.8369892943065
RECOVERY,11.111471042683517,0.23318515237771287,0.0,0.0,3,72,0.0,-17.15316777109037,0.0,-25.729751656635557
OTHER,3.8356787619644215,1.9665944101847188,0.5416666666666666,2.1059125210564447,48,1169,25.557871413386653,-14.342835622516306,35.44944847741679,-27.06535607618786
