total_pnl,pct_return_top_5,pct_return_top_10,total_return_pct
4340.315934934004,9.15215878736491,18.28279021302313,43.40315934934004
