total_pnl,pct_return_top_5,pct_return_top_10,total_return_pct
4119.556741512823,9.642605531695779,19.26253009140468,41.195567415128224
