total_pnl,pct_return_top_5,pct_return_top_10,total_return_pct
4393.319852359256,10.172029212674806,20.32814221920661,43.933198523592566
