total_pnl,pct_return_top_5,pct_return_top_10,total_return_pct
4119.556797100573,9.642605401582086,19.26252983148334,41.19556797100573
