total_pnl,pct_return_top_5,pct_return_top_10,total_return_pct
4340.271470933122,9.152252546844958,18.28297751144573,43.40271470933122
