total_pnl,pct_return_top_5,pct_return_top_10,total_return_pct
1191.8701580900183,8.807725532253995,17.604278104343912,11.918701580900184
