total_pnl,pct_return_top_5,pct_return_top_10,total_return_pct
2568.8287957583543,5.387020327793744,10.7608403910514,25.688287957583544
