total_pnl,pct_return_top_5,pct_return_top_10,total_return_pct
1327.913840968389,7.480404194299717,14.94701707049066,13.279138409683892
