total_pnl,pct_return_top_5,pct_return_top_10,total_return_pct
1143.0116291933175,9.208004291124448,18.396660383947715,11.430116291933174
