total_pnl,pct_return_top_5,pct_return_top_10,total_return_pct
1340.8342967577983,7.172582714648168,14.331125291428249,13.408342967577983
