total_pnl,pct_return_top_5,pct_return_top_10,total_return_pct
3706.0258446260405,10.529957611238624,21.02867460010417,37.060258446260406
