total_pnl,pct_return_top_5,pct_return_top_10,total_return_pct
3431.9720684078484,11.370807883110503,22.707880481781313,34.31972068407848
