total_pnl,pct_return_top_5,pct_return_top_10,total_return_pct
3632.290989582803,10.743713860477149,21.455552919555167,36.32290989582803
