total_pnl,pct_return_top_5,pct_return_top_10,total_return_pct
3632.2905266165862,10.74371522985455,21.455555654247252,36.32290526616586
