total_pnl,pct_return_top_5,pct_return_top_10,total_return_pct
1214.3928665592402,7.702415298882985,15.378458380945858,12.143928665592403
