total_pnl,pct_return_top_5,pct_return_top_10,total_return_pct
997.2082998420276,9.39253937610127,18.741527136728887,9.972082998420277
