total_pnl,pct_return_top_5,pct_return_top_10,total_return_pct
1194.7492814361397,7.829055300202096,15.63130478224693,11.947492814361397
