fees_bps,slippage_bps,total_return_pct,sharpe,sortino,max_drawdown_pct,profit_factor,trades,avg_win,avg_loss,expectancy,break_even,scenario,edge_buffer_bps
5,2,15.6888334185036,2.135159448242241,0.33599107968030156,-2.8481961584602034,1.5396244574960567,416,24.730634174810948,-12.371750824640095,3.7713541871402874,True,Base,19.0
10,5,10.99416684917438,1.4840930247372084,0.2286655634392663,-3.0817381181365233,1.3496487670432589,416,23.446202408270242,-13.38019553608288,2.642828569513073,True,Stress 1,19.0
15,10,5.125833637512867,0.6887934080692258,0.1038383161132625,-3.4507136326530907,1.148981820660848,416,21.840662700094366,-14.640751425386359,1.2321715474790529,True,Stress 2,19.0
20,15,-0.7424995741486584,-0.07464391871323826,-0.011058948526597275,-6.651634672644457,0.98013010758535,416,20.235122991918484,-15.901307314689838,-0.17848547455496616,False,Stress 3,19.0
25,20,-6.610832785810183,-0.7968339698455871,-0.11588617802243559,-10.733805623932625,0.8361211080648275,416,18.738284815192312,-17.09311248015099,-1.589142496588985,False,Stress 4,19.0
