total_pnl,pct_return_top_5,pct_return_top_10,total_return_pct
1487.3631160240232,17.518914670266355,34.9810313390243,14.87363116024023
