total_pnl,pct_return_top_5,pct_return_top_10,total_return_pct
2418.997026212766,24.661965292030864,49.297847747406756,24.18997026212766
