total_pnl,pct_return_top_5,pct_return_top_10,total_return_pct
1319.6287527737875,16.292918122893134,32.537945453540054,13.196287527737875
