total_pnl,pct_return_top_5,pct_return_top_10,total_return_pct
1485.8184325059256,6.855949704653252,13.699091539111585,14.858184325059257
