total_pnl,pct_return_top_5,pct_return_top_10,total_return_pct
2143.4852067802562,6.485707113181751,12.957044029552737,21.434852067802563
