total_pnl,pct_return_top_5,pct_return_top_10,total_return_pct
1485.8184322150405,6.855949705995471,13.699091541793514,14.858184322150406
