total_pnl,pct_return_top_5,pct_return_top_10,total_return_pct
721.1762869351556,16.494545418366624,32.93546059628997,7.211762869351556
