total_pnl,pct_return_top_5,pct_return_top_10,total_return_pct
1584.8220373234626,6.606177730450373,13.196508687726674,15.848220373234625
