total_pnl,pct_return_top_5,pct_return_top_10,total_return_pct
225.6792822150565,54.84602093423659,109.57351670489857,2.2567928221505653
