total_pnl,pct_return_top_5,pct_return_top_10,total_return_pct
993.542512717891,12.000220131132902,23.985854917023353,9.93542512717891
