total_pnl,pct_return_top_5,pct_return_top_10,total_return_pct
1444.8733784243889,9.288311916896,18.56404294387815,14.448733784243888
