total_pnl,pct_return_top_5,pct_return_top_10,total_return_pct
1204.2127984682525,10.521757147359427,21.02947560182119,12.042127984682525
