total_pnl,pct_return_top_5,pct_return_top_10,total_return_pct
298.534971694802,47.30191012130315,94.45755019983304,2.98534971694802
