total_pnl,pct_return_top_5,pct_return_top_10,total_return_pct
189.78126967307767,62.51280104103677,124.77204494110914,1.8978126967307767
