total_pnl,pct_return_top_5,pct_return_top_10,total_return_pct
388.86293619625184,62.47872159058603,124.67868913106972,3.8886293619625185
