total_pnl,pct_return_top_5,pct_return_top_10,total_return_pct
527.8061511599105,28.83291821211892,57.54132729334606,5.278061511599105
