total_pnl,pct_return_top_5,pct_return_top_10,total_return_pct
2287.540135881469,5.73610409111307,11.45240151880756,22.87540135881469
