total_pnl,pct_return_top_5,pct_return_top_10,total_return_pct
472.72344901425714,56.76230709374883,113.35836450927412,4.727234490142571
