total_pnl,pct_return_top_5,pct_return_top_10,total_return_pct
2231.549922527858,13.35206596172177,26.67410988309439,22.315499225278582
