total_pnl,pct_return_top_5,pct_return_top_10,total_return_pct
510.85515248119424,17.50241446363176,34.95574299263271,5.108551524811943
