total_pnl,pct_return_top_5,pct_return_top_10,total_return_pct
1641.9897419187023,8.018328684027031,16.017448602106153,16.419897419187024
