total_pnl,pct_return_top_5,pct_return_top_10,total_return_pct
4663.919128380916,8.86734967381526,17.69929865371074,46.63919128380916
