total_pnl,pct_return_top_5,pct_return_top_10,total_return_pct
1640.1092202603495,6.41356959221636,12.809134689031085,16.401092202603497
