total_pnl,pct_return_top_5,pct_return_top_10,total_return_pct
1511.4707957887613,8.710729630494901,17.400591774347486,15.114707957887614
