total_pnl,pct_return_top_5,pct_return_top_10,total_return_pct
1592.9439549681133,8.265208204872733,16.51061621743926,15.929439549681131
