total_pnl,pct_return_top_5,pct_return_top_10,total_return_pct
821.8499429410945,27.353842878827965,54.62779701577707,8.218499429410944
