total_pnl,pct_return_top_5,pct_return_top_10,total_return_pct
821.6995383409189,27.358849750086232,54.63779613538862,8.21699538340919
